expression,note
"Let me circle back to you on this","返答を保留して後日返したい時。casual"
"Mind if I jump in here?","会話に割り込みたい時の柔らかい切り出し"
"Just to make sure I'm tracking","相手の話を整理しながら確認したい時"
"Could you walk me through that?","プロセスを順を追って説明してほしい時。casual〜neutral"
"That's a fair point","相手の指摘を受け止めて軽く同意。議論で頻出"
"I'd push back on that a bit","軽く反論したい時。柔らかいが議論意図あり"
"Let's table this for now","今の議題を一旦棚上げにする。formal寄り"
"What's the bandwidth on your end?","相手の余力/手の空き具合を聞く。business casual"
"I'll loop you in once we have something","進展があったら共有する約束。"
"Can I run something by you?","アイデアを試しに聞いてもらいたい時"
